halt_punkt_id;halt_punkt_diva;halt_id;GPS_Latitude;GPS_Longitude;GPS_Bearing;halt_punkt_ist_aktiv
303;51;143;47,360017;8,456337;85;TRUE
686;50;309;47,368125;8,463072;212;FALSE
823;51;373;47,452401;8,571871;208;FALSE
1290;56;588;47,450402;8,563724;297;TRUE
1371;51;623;47,29513;8,564314;310;FALSE
1558;1;701;47,370287;8,514156;79;TRUE
1622;50;729;47,370671;8,453826;295;TRUE
1671;51;751;47,437516;8,560615;325;TRUE
1790;50;809;47,356969;8,43866;288;FALSE
1836;50;832;47,317901;8,541632;347;FALSE
1838;50;833;47,318411;8,539076;160;TRUE
1944;50;891;47,368413;8,462031;290;FALSE
1984;50;914;47,290227;8,559715;154;FALSE
2169;50;1005;47,287666;8,562253;18;TRUE
2184;50;1010;47,36899;8,501723;261;TRUE
2300;50;1067;47,433551;8,565714;208;FALSE
2391;50;1114;47,396651;8,613102;258;FALSE
2718;50;1259;47,324513;8,548132;166;TRUE
2741;50;1270;47,368223;8,495088;242;TRUE
2813;50;1300;47,29121;8,565064;63;FALSE
6126;2;1305;47,370228;8,548964;203;FALSE
2827;90;1306;47,374083;8,52566;;TRUE
2831;86;1308;47,374422;8,547754;170;TRUE
2846;81;1309;47,398499;8,533033;348;FALSE
2858;50;1310;47,390874;8,479377;32;TRUE
2865;20;1311;47,410213;8,545994;156;FALSE
2879;57;1312;47,40549;8,404606;330;TRUE
2989;50;1362;47,431445;8,543705;159;FALSE
2999;51;1366;47,40938;8,595189;269;FALSE
3011;50;1370;47,431125;8,466205;15;FALSE
3017;80;1372;47,395972;8,600237;99;FALSE
3026;51;1377;47,441713;8,568551;51;FALSE
3031;50;1378;47,436049;8,558754;236;FALSE
3035;1;1379;47,425399;8,560678;29;TRUE
3066;50;1392;47,411639;8,597436;117;FALSE
3068;20;1393;47,40853;8,580278;110;TRUE
3086;51;1400;47,434596;8,567566;317;TRUE
3095;50;1405;47,321773;8,547718;334;FALSE
6114;0;1406;47,365986;8,562499;121;FALSE
3097;50;1407;47,324973;8,545191;169;TRUE
3118;50;1417;47,438337;8,534965;153;FALSE
3120;50;1418;47,402687;8,601509;114;TRUE
3162;50;1437;47,381836;8,667934;104;FALSE
3174;50;1443;47,414293;8,551468;261;FALSE
3184;50;1445;47,397038;8,616634;260;TRUE
3200;51;1449;47,404646;8,595497;292;TRUE
3205;53;1452;47,431284;8,558508;128;TRUE
3214;20;1454;47,412096;8,483807;216;FALSE
3218;50;1456;47,395464;8,604174;83;FALSE
3257;50;1475;47,395821;8,607149;78;FALSE
3302;50;1499;47,332962;8,534693;168;FALSE
3304;20;1500;47,333124;8,518382;212;FALSE
3306;22;1501;47,404969;8,572861;4;FALSE
3311;1;1502;47,373438;8,529235;255;FALSE
6205;10;1503;47,35518;8,600911;311;FALSE
3321;1;1504;47,398125;8,542047;26;FALSE
3344;50;1509;47,319085;8,55126;70;TRUE
3346;50;1510;47,318753;8,534255;157;TRUE
3348;1;1511;47,343538;8,530146;327;FALSE
3361;51;1517;47,41397;8,450092;171;FALSE
3364;51;1518;47,324164;8,540386;342;TRUE
3367;51;1520;47,392151;8,427968;235;FALSE
3369;50;1521;47,329183;8,539563;342;FALSE
3371;50;1522;47,380181;8,429746;305;TRUE
6138;10;1523;47,395845;8,532091;192;FALSE
3372;51;1524;47,322241;8,550466;346;TRUE
3375;0;1525;47,401934;8,534972;212;FALSE
3378;50;1526;47,322901;8,542648;233;TRUE
3383;90;1528;47,369559;8,538901;;TRUE
3398;50;1530;47,326221;8,540719;349;FALSE
6140;1;1531;47,368122;8,560241;289;TRUE
3400;1;1532;47,400376;8,543683;40;FALSE
3405;55;1533;47,321636;8,545162;162;FALSE
3410;0;1534;47,372382;8,526711;208;FALSE
3414;93;1535;47,378215;8,509972;;TRUE
3426;50;1536;47,315228;8,535695;146;TRUE
3428;50;1537;47,397327;8,447219;88;TRUE
3431;50;1538;47,32467;8,542949;167;TRUE
3432;3;1539;47,392331;8,538417;346;FALSE
3444;50;1540;47,399807;8,448565;356;TRUE
3446;10;1541;47,376848;8,540508;95;FALSE
3454;1;1542;47,378051;8,541671;337;FALSE
3463;0;1543;47,39609;8,545105;107;FALSE
3487;51;1552;47,307408;8,54209;349;FALSE
3489;51;1553;47,30467;8,544255;325;FALSE
3501;51;1557;47,37167;8,523995;140;TRUE
3529;51;1565;47,366777;8,545821;318;FALSE
3561;50;1571;47,405413;8,481768;121;TRUE
3566;21;1574;47,390278;8,523367;312;FALSE
3593;50;1580;47,405533;8,591343;292;FALSE
3598;50;1581;47,416504;8,579272;103;FALSE
3630;50;1596;47,421958;8,550029;122;FALSE
3638;50;1598;47,42097;8,500984;113;FALSE
3694;50;1631;47,297531;8,554156;327;FALSE
3712;52;1638;47,311795;8,524352;188;FALSE
3789;21;1677;47,424525;8,548678;330;FALSE
3793;51;1679;47,384171;8,659335;130;FALSE
3811;50;1686;47,427799;8,47306;116;TRUE
3813;50;1687;47,41273;8,593271;108;FALSE
3828;50;1692;47,381031;8,673109;98;FALSE
3832;50;1694;47,428028;8,557159;228;FALSE
3837;50;1697;47,423276;8,558764;207;TRUE
3853;50;1706;47,39839;8,620081;32;FALSE
3889;50;1723;47,389171;8,425052;206;TRUE
3891;51;1724;47,414157;8,399621;297;FALSE
3900;51;1729;47,296792;8,562696;333;TRUE
3914;50;1736;47,312681;8,526698;184;TRUE
3922;20;1741;47,323204;8,514411;195;FALSE
3925;51;1743;47,300374;8,550394;328;TRUE
3936;50;1748;47,302476;8,545096;161;FALSE
3980;21;1773;47,365157;8,500879;335;FALSE
4002;50;1784;47,445528;8,530751;159;FALSE
4012;51;1790;47,430424;8,561175;43;FALSE
4026;20;1797;47,427075;8,546318;144;FALSE
4052;50;1809;47,451947;8,53018;151;FALSE
4064;90;1816;47,376981;8,536975;;TRUE
4094;52;1829;47,412268;8,545586;330;FALSE
4132;20;1843;47,409503;8,479118;221;FALSE
4136;21;1845;47,419543;8,506562;0;TRUE
4140;22;1846;47,410412;8,572725;101;TRUE
4149;50;1850;47,449683;8,529868;172;FALSE
4151;21;1851;47,358023;8,522235;175;FALSE
4153;20;1852;47,363859;8,528139;210;TRUE
4159;91;1854;47,357898;8,520247;;TRUE
4188;50;1869;47,313212;8,527661;201;FALSE
4195;0;1873;47,416633;8,545293;203;FALSE
4205;20;1874;47,421386;8,50758;201;FALSE
4212;50;1879;47,400764;8,624401;233;TRUE
4218;1;1884;47,411215;8,550282;2;TRUE
4228;21;1885;47,41267;8,5417;150;FALSE
4239;0;1890;47,377488;8,543169;278;FALSE
4244;1;1893;47,364421;8,531487;16;TRUE
4258;4;1895;47,376111;8,539499;19;FALSE
4273;50;1904;47,317302;8,549636;80;FALSE
4275;0;1905;47,364034;8,566205;44;FALSE
4283;80;1906;47,374184;8,520656;137;FALSE
6118;80;1907;47,336901;8,52043;91;FALSE
6121;0;1908;47,369399;8,506127;260;FALSE
4294;51;1909;47,321856;8,535232;30;FALSE
4296;50;1911;47,320015;8,540657;154;TRUE
4304;50;1916;47,425235;8,553451;214;TRUE
4310;22;1919;47,413107;8,546227;140;FALSE
4322;50;1920;47,414249;8,585899;91;TRUE
4340;50;1928;47,418063;8,561663;122;FALSE
4349;50;1931;47,421259;8,557105;211;TRUE
4359;23;1934;47,419645;8,548231;38;TRUE
4372;11;1938;47,376997;8,543729;268;FALSE
4411;50;1949;47,430768;8,573689;168;TRUE
4427;51;1959;47,402579;8,400883;67;TRUE
4538;50;2007;47,394814;8,44141;85;TRUE
4540;50;2008;47,402549;8,627514;226;TRUE
4543;50;2009;47,389776;8,384956;335;TRUE
4545;50;2010;47,418021;8,415169;211;TRUE
4547;50;2011;47,343738;8,567351;300;TRUE
4549;50;2013;47,429378;8,35968;139;TRUE
4551;50;2014;47,42538;8,364714;130;TRUE
4553;51;2015;47,427136;8,364506;310;TRUE
4555;50;2016;47,414942;8,44587;124;TRUE
4558;50;2018;47,409081;8,397794;12;TRUE
4560;11;2019;47,39858;8,454106;273;FALSE
4562;51;2020;47,427896;8,394832;355;FALSE
4565;51;2021;47,410511;8,405099;347;FALSE
4568;0;2022;47,388461;8,540536;167;FALSE
4570;0;2023;47,337386;8,531065;96;FALSE
4574;0;2025;47,346876;8,532914;167;TRUE
4582;51;2027;47,394573;8,6176;346;TRUE
4585;50;2028;47,417447;8,440153;118;TRUE
4587;50;2029;47,42296;8,404286;126;TRUE
4595;50;2033;47,397019;8,432986;94;TRUE
4597;51;2034;47,421036;8,409606;304;TRUE
4601;90;2035;47,372921;8,538281;;FALSE
4605;50;2036;47,408936;8,463008;118;TRUE
4609;51;2038;47,400367;8,410501;298;TRUE
4612;51;2039;47,398446;8,411181;292;TRUE
4614;50;2040;47,391564;8,617136;173;TRUE
4618;50;2042;47,40273;8,405456;127;FALSE
4622;52;2043;47,398067;8,446942;254;TRUE
4630;50;2044;47,391129;8,423339;82;TRUE
4632;0;2045;47,395598;8,540048;198;FALSE
4636;92;2046;47,406259;8,563269;;TRUE
4642;0;2047;47,382748;8,54349;174;TRUE
4647;50;2048;47,407702;8,393794;122;TRUE
4650;50;2050;47,39466;8,4384;81;TRUE
4654;80;2052;47,401474;8,58161;;FALSE
4658;82;2053;47,389058;8,618564;135;FALSE
4663;53;2054;47,404879;8,403349;44;FALSE
4665;50;2055;47,405564;8,390271;138;TRUE
4666;51;2056;47,418234;8,39287;322;FALSE
4669;50;2057;47,4043;8,403789;266;TRUE
4672;51;2059;47,397739;8,41709;271;TRUE
4674;82;2060;47,369786;8,518753;150;FALSE
4684;81;2061;47,393346;8,39057;315;FALSE
4690;83;2063;47,393069;8,392539;196;FALSE
4721;0;2078;47,404735;8,604509;119;FALSE
4723;51;2079;47,402021;8,607762;;TRUE
4729;0;2081;47,395075;8,543971;48;TRUE
4731;81;2082;47,397703;8,604315;18;FALSE
4737;1;2083;47,416685;8,568764;120;FALSE
4744;80;2084;47,365084;8,553425;0;FALSE
4751;0;2085;47,394859;8,536456;135;TRUE
4753;0;2086;47,384254;8,54021;155;FALSE
4756;1;2087;47,388276;8,539181;347;FALSE
4761;1;2088;47,380298;8,542817;13;FALSE
4765;80;2089;47,409984;8,537907;190;FALSE
4771;0;2090;47,405948;8,537638;194;TRUE
4779;0;2092;47,350922;8,583019;336;FALSE
4787;81;2094;47,345329;8,59302;71;FALSE
4792;50;2096;47,336106;8,618147;29;TRUE
4808;52;2103;47,346019;8,602233;254;TRUE
4812;80;2104;47,365601;8,547372;315;FALSE
4827;0;2110;47,360035;8,568583;118;FALSE
4833;81;2111;47,366133;8,54729;230;FALSE
4843;13;2113;47,361462;8,559664;230;FALSE
4851;51;2114;47,34656;8,597613;284;FALSE
4866;54;2120;47,322405;8,660641;183;TRUE
4872;1;2121;47,354701;8,574929;334;TRUE
4903;50;2137;47,327016;8,529447;183;TRUE
4907;50;2139;47,334392;8,529919;180;TRUE
4911;51;2141;47,316436;8,530081;347;FALSE
4913;50;2142;47,324998;8,531195;160;TRUE
4915;50;2143;47,319801;8,533814;160;FALSE
4917;10;2144;47,382271;8,507166;215;FALSE
4918;84;2145;47,338306;8,530793;109;FALSE
4926;20;2146;47,336765;8,533011;142;TRUE
4950;50;2158;47,313753;8,534166;236;FALSE
4954;50;2160;47,322332;8,528874;188;TRUE
4992;1;2183;47,359888;8,522882;35;FALSE
5002;1;2187;47,409495;8,598081;356;TRUE
5016;11;2198;47,414346;8,48071;339;TRUE
6210;1;2228;47,368372;8,539843;346;FALSE
5087;50;2244;47,385062;8,495117;116;FALSE
5094;2;2245;47,381387;8,50352;300;TRUE
5104;10;2247;47,374653;8,524387;199;FALSE
5106;1;2248;47,375513;8,517121;289;FALSE
5113;51;2250;47,376803;8,513757;332;FALSE
5117;90;2251;47,373364;8,521752;;TRUE
5120;1;2253;47,383269;8,499386;301;FALSE
5124;0;2254;47,38381;8,491384;242;FALSE
5127;0;2256;47,376049;8,537525;19;FALSE
5131;0;2257;47,41746;8,553752;211;FALSE
5137;90;2258;47,380202;8,548152;;TRUE
5145;1;2260;47,386039;8,548274;324;FALSE
5152;1;2262;47,375993;8,534001;222;FALSE
5179;91;2274;47,390906;8,545434;;TRUE
5184;0;2275;47,362999;8,557869;135;TRUE
5187;80;2276;47,403601;8,547871;206;FALSE
5211;92;2287;47,38468;8,531332;;TRUE
5222;0;2289;47,379756;8,537443;201;FALSE
5226;80;2290;47,388653;8,525877;311;FALSE
5233;0;2292;47,388801;8,546384;164;FALSE
5237;1;2293;47,383341;8,548191;3;FALSE
5239;81;2294;47,382336;8,534741;313;FALSE
5243;80;2295;47,35798;8,571756;0;FALSE
5253;81;2298;47,386919;8,528584;319;FALSE
5256;0;2299;47,391493;8,521458;157;FALSE
5258;0;2300;47,40955;8,548458;114;FALSE
5260;20;2301;47,415028;8,557809;197;FALSE
5261;0;2302;47,379136;8,544938;319;FALSE
5273;1;2308;47,360386;8,564831;277;TRUE
5280;91;2312;47,35107;8,58012;;TRUE
5286;90;2313;47,406052;8,548386;;TRUE
5293;1;2315;47,393788;8,544964;354;FALSE
5297;63;2316;47,39691;8,595436;310;FALSE
5314;50;2320;47,332917;8,623012;331;FALSE
5322;51;2324;47,407593;8,467355;296;TRUE
5326;50;2326;47,387757;8,620385;135;FALSE
5327;51;2327;47,41828;8,37176;323;TRUE
5331;50;2328;47,392924;8,431161;61;TRUE
5334;50;2329;47,40962;8,642714;241;FALSE
5339;50;2332;47,39355;8,417861;169;TRUE
5341;50;2333;47,418583;8,429479;269;TRUE
5343;51;2334;47,415655;8,444585;313;FALSE
5346;54;2336;47,402338;8,394202;224;FALSE
5350;51;2337;47,410419;8,642692;322;FALSE
5352;50;2338;47,417449;8,396487;109;FALSE
5354;50;2339;47,425765;8,400228;186;FALSE
5358;50;2341;47,384271;8,421663;158;TRUE
5369;50;2346;47,39901;8,394168;210;TRUE
5373;50;2348;47,432576;8,571792;114;TRUE
5377;51;2350;47,422354;8,374111;84;TRUE
5378;50;2351;47,370534;8,425012;260;FALSE
5380;50;2352;47,409057;8,448197;22;TRUE
5384;50;2354;47,419865;8,413043;115;TRUE
5390;1;2356;47,398617;8,591141;121;TRUE
5395;81;2358;47,388236;8,621579;10;FALSE
5399;50;2360;47,414023;8,379835;128;TRUE
5401;50;2361;47,417409;8,399097;170;TRUE
5403;51;2362;47,405526;8,447733;169;FALSE
5405;51;2363;47,391087;8,389669;34;FALSE
5412;52;2366;47,398599;8,419569;117;TRUE
5415;80;2367;47,356337;8,532194;359;FALSE
5418;51;2368;47,414468;8,414084;1;FALSE
5420;50;2369;47,397116;8,424788;92;FALSE
5422;50;2370;47,420636;8,368528;29;FALSE
5428;50;2373;47,387377;8,420237;161;TRUE
5430;50;2374;47,387217;8,422194;246;TRUE
5432;20;2375;47,404466;8,557971;104;FALSE
5442;50;2376;47,387952;8,388089;200;TRUE
5444;50;2377;47,365419;8,428783;64;FALSE
5445;51;2378;47,407631;8,411998;40;TRUE
5447;50;2379;47,401771;8,390972;334;TRUE
5449;50;2380;47,396591;8,44812;357;TRUE
5451;50;2381;47,400227;8,406895;130;TRUE
5453;50;2382;47,395914;8,438053;245;TRUE
5456;11;2383;47,393083;8,474546;297;TRUE
5460;51;2385;47,394467;8,393213;352;TRUE
5461;50;2386;47,382176;8,42577;209;TRUE
5463;50;2387;47,432773;8,354662;332;TRUE
5464;50;2388;47,418826;8,368841;81;TRUE
5466;50;2389;47,41175;8,414246;175;TRUE
5470;51;2391;47,390216;8,418568;163;TRUE
5472;53;2392;47,403427;8,391982;56;TRUE
5478;50;2394;47,419277;8,393962;132;TRUE
5483;50;2396;47,394113;8,376039;258;TRUE
5484;50;2397;47,422183;8,369655;139;TRUE
5486;51;2398;47,396275;8,426323;183;TRUE
5490;50;2399;47,39876;8,618037;122;TRUE
5492;50;2400;47,396021;8,616651;214;TRUE
5496;50;2401;47,419517;8,433857;76;TRUE
5501;0;2404;47,351438;8,531909;178;FALSE
5504;91;2406;47,401024;8,551103;;TRUE
5519;50;2410;47,41056;8,449166;13;TRUE
5521;51;2411;47,405591;8,473954;276;FALSE
5523;51;2412;47,378142;8,423113;354;TRUE
5526;0;2413;47,360526;8,531605;168;FALSE
5530;82;2414;47,367788;8,534998;254;FALSE
5550;20;2422;47,407102;8,572734;175;FALSE
5552;20;2423;47,423683;8,505306;117;TRUE
5554;20;2424;47,425019;8,500919;113;FALSE
5556;20;2425;47,426212;8,496331;293;FALSE
5558;50;2426;47,360937;8,599156;72;TRUE
5560;51;2427;47,354883;8,633573;274;TRUE
5562;10;2428;47,358193;8,5875;92;FALSE
5564;10;2429;47,411533;8,525364;129;TRUE
5567;50;2430;47,361209;8,638521;320;FALSE
5568;51;2431;47,360883;8,632662;245;FALSE
5570;50;2432;47,366893;8,624773;4;TRUE
5575;11;2434;47,361162;8,571016;296;TRUE
5577;21;2435;47,410793;8,567791;277;FALSE
5579;80;2436;47,359203;8,624602;146;FALSE
5583;10;2437;47,358642;8,590277;74;FALSE
5585;11;2438;47,360446;8,578904;298;TRUE
5587;20;2439;47,424333;8,512795;303;FALSE
5590;21;2440;47,40399;8,569011;267;TRUE
5592;21;2441;47,404227;8,562259;280;TRUE
5594;20;2442;47,410504;8,532352;111;TRUE
5596;50;2443;47,351323;8,641197;87;FALSE
5600;10;2444;47,35826;8,584404;90;FALSE
5602;20;2445;47,422023;8,509766;281;TRUE
5604;50;2446;47,419991;8,684708;89;FALSE
5605;50;2447;47,364313;8,620228;7;FALSE
5607;51;2448;47,357135;8,628024;322;TRUE
5611;52;2449;47,339186;8,651303;180;TRUE
5615;11;2450;47,359741;8,593769;246;FALSE
5618;20;2451;47,410716;8,556301;86;TRUE
5620;50;2452;47,371708;8,634056;108;TRUE
5622;20;2453;47,41401;8,541117;78;TRUE
5624;22;2454;47,414531;8,519316;19;TRUE
5630;53;2455;47,340341;8,668383;265;FALSE
5634;21;2456;47,406109;8,568447;304;FALSE
5635;10;2457;47,415504;8,513385;111;TRUE
5637;51;2458;47,380364;8,651983;179;TRUE
5639;51;2459;47,371737;8,639976;220;TRUE
5643;20;2460;47,407265;8,549431;116;TRUE
5645;50;2461;47,368651;8,628705;35;TRUE
5647;50;2462;47,36263;8,617595;101;TRUE
5649;20;2463;47,40573;8,553838;117;FALSE
5651;50;2464;47,3431;8,660943;102;FALSE
5653;20;2465;47,410858;8,563949;87;TRUE
5655;50;2466;47,361357;8,603031;74;TRUE
5657;50;2467;47,337815;8,674068;49;TRUE
5659;20;2468;47,410749;8,558448;96;FALSE
5661;20;2469;47,42064;8,508506;112;TRUE
5662;50;2470;47,37575;8,644185;36;TRUE
5664;50;2471;47,36853;8,632608;70;FALSE
5666;21;2472;47,408889;8,564729;333;TRUE
5667;10;2473;47,362695;8,574319;14;TRUE
5669;70;2474;47,340123;8,678687;;TRUE
5671;50;2475;47,412102;8,453807;102;FALSE
5673;51;2476;47,403213;8,447861;180;TRUE
5678;80;2478;47,401662;8,396561;315;FALSE
5684;50;2480;47,427698;8,398076;161;FALSE
5685;50;2481;47,393798;8,423548;65;TRUE
5687;0;2482;47,406692;8,585101;262;FALSE
5694;50;2483;47,381095;8,42277;172;TRUE
5696;51;2484;47,405474;8,630358;51;TRUE
5698;50;2485;47,406226;8,39716;128;TRUE
5700;50;2486;47,394428;8,38035;315;TRUE
5702;91;2487;47,344699;8,533015;;TRUE
5706;90;2488;47,340776;8,530182;;TRUE
5713;1;2489;47,400229;8,586433;110;TRUE
5717;50;2490;47,400653;8,391336;259;TRUE
5720;50;2491;47,400861;8,387949;;FALSE
5722;50;2492;47,402076;8,385546;300;TRUE
5728;51;2496;47,4023;8,382397;60;TRUE
5730;51;2497;47,412347;8,640295;304;TRUE
5732;50;2498;47,331589;8,538158;330;FALSE
5733;50;2499;47,329231;8,538188;170;TRUE
5734;50;2500;47,326188;8,539475;91;FALSE
5743;10;2505;47,397208;8,461842;106;FALSE
5745;50;2506;47,347835;8,53427;179;TRUE
5749;81;2508;47,366041;8,532394;0;FALSE
5756;1;2509;47,38533;8,542418;335;FALSE
5758;81;2510;47,402966;8,577177;;FALSE
5762;51;2511;47,342935;8,535943;334;TRUE
5768;50;2514;47,408754;8,408971;277;FALSE
5772;50;2516;47,418196;8,41887;288;TRUE
5776;50;2518;47,410301;8,459178;114;TRUE
5779;10;2520;47,395474;8,467611;114;FALSE
5786;91;2524;47,370643;8,531839;;TRUE
5790;50;2525;47,36837;8,645395;114;TRUE
5792;10;2526;47,38297;8,515127;114;FALSE
5798;1;2527;47,378426;8,523033;24;TRUE
5802;0;2528;47,376157;8,526073;136;TRUE
5810;50;2529;47,380504;8,521089;;TRUE
5855;20;2530;47,390859;8,469774;135;FALSE
5857;23;2531;47,384728;8,478396;274;TRUE
5861;20;2532;47,388551;8,470338;140;FALSE
5863;20;2533;47,390225;8,487219;27;FALSE
5865;20;2534;47,387597;8,488373;15;FALSE
5866;21;2535;47,387247;8,486339;188;FALSE
5873;50;2536;47,392111;8,490528;111;FALSE
5877;20;2537;47,389505;8,472238;120;FALSE
5881;1;2538;47,396435;8,484877;294;FALSE
5884;20;2539;47,392689;8,471332;293;FALSE
5886;50;2540;47,391483;8,48833;291;TRUE
5890;20;2541;47,390874;8,474092;308;FALSE
5894;20;2542;47,386361;8,473846;136;TRUE
5896;21;2543;47,383611;8,483579;299;TRUE
5900;1;2544;47,395196;8,489569;295;TRUE
5905;20;2545;47,382872;8,474678;342;TRUE
5906;20;2546;47,387446;8,472145;130;FALSE
5908;20;2547;47,388681;8,489798;124;TRUE
6221;50;2548;47,327668;8,602256;60;TRUE
6223;50;2549;47,329058;8,606256;50;FALSE
6224;5;2550;47,359298;8,516767;303;FALSE
6230;80;2551;47,357834;8,534688;355;TRUE
6233;53;2552;47,317608;8,553319;138;FALSE
6236;21;2553;47,422747;8,543684;128;FALSE
6238;50;2554;47,310798;8,552463;155;TRUE
6243;50;2556;47,326033;8,582244;184;TRUE
6246;50;2558;47,308071;8,553517;180;FALSE
6249;50;2559;47,308024;8,546295;263;TRUE
6253;50;2561;47,375829;8,564984;238;TRUE
6255;21;2562;47,413007;8,535955;95;TRUE
6257;10;2563;47,396122;8,52085;110;FALSE
6261;20;2564;47,37533;8,485112;91;FALSE
6263;11;2565;47,346973;8,528443;327;TRUE
6266;20;2566;47,410501;8,524176;150;TRUE
6268;81;2567;47,378516;8,568061;81;FALSE
6272;20;2568;47,340296;8,531522;171;TRUE
6274;50;2569;47,315456;8,593763;140;TRUE
6276;10;2570;47,378322;8,530249;135;TRUE
6278;83;2571;47,372733;8,550354;160;FALSE
6283;1;2572;47,394236;8,504015;276;FALSE
6292;20;2573;47,407564;8,526475;160;TRUE
6296;0;2575;47,391536;8,50612;113;FALSE
6300;10;2576;47,365433;8,521511;174;TRUE
6305;50;2577;47,31413;8,592385;8;TRUE
6307;21;2578;47,33039;8,515482;29;TRUE
6309;21;2579;47,399733;8,517545;258;TRUE
6311;21;2580;47,398573;8,495001;13;TRUE
6316;20;2581;47,404732;8,528299;118;FALSE
6318;11;2582;47,377756;8,508016;317;FALSE
6321;50;2583;47,332006;8,579514;;FALSE
6323;20;2584;47,413448;8,53118;282;TRUE
6325;50;2585;47,342426;8,567283;175;TRUE
6326;20;2586;47,414005;8,526501;276;TRUE
6328;11;2587;47,407897;8,489514;330;TRUE
6330;51;2588;47,339912;8,581416;285;TRUE
6332;1;2589;47,389159;8,515066;295;TRUE
6336;50;2590;47,367009;8,540344;344;FALSE
6344;10;2591;47,391903;8,483662;101;FALSE
6346;50;2592;47,30712;8,548644;296;TRUE
6349;20;2593;47,41392;8,50955;176;TRUE
6351;82;2594;47,428653;8,544111;84;FALSE
6355;20;2595;47,416093;8,507023;126;TRUE
5916;10;2598;47,367879;8,551828;131;TRUE
5918;20;2599;47,361878;8,511074;150;TRUE
5919;10;2600;47,382144;8,552033;320;TRUE
5921;20;2601;47,402594;8,567365;74;FALSE
5924;21;2603;47,411886;8,509734;2;TRUE
5927;50;2604;47,354286;8,552974;147;FALSE
5930;80;2605;47,36925;8,532645;240;FALSE
5933;10;2606;47,380104;8,554546;319;TRUE
5934;20;2607;47,402643;8,499533;210;TRUE
5940;20;2608;47,412098;8,514019;245;TRUE
5942;20;2609;47,416395;8,538171;182;TRUE
5944;20;2610;47,404912;8,505156;150;TRUE
5950;81;2612;47,362914;8,549911;337;FALSE
5954;1;2613;47,392101;8,494541;271;TRUE
5958;1;2614;47,395447;8,518889;297;FALSE
5960;10;2615;47,357891;8,555022;71;FALSE
5970;81;2617;47,423753;8,522975;120;FALSE
5972;11;2618;47,358689;8,527014;355;TRUE
5974;20;2619;47,399101;8,521613;117;FALSE
5977;10;2620;47,362879;8,562858;63;TRUE
5979;10;2621;47,372929;8,562593;287;TRUE
5981;10;2622;47,390119;8,532583;145;FALSE
5985;50;2624;47,378722;8,575508;220;FALSE
5987;50;2625;47,334811;8,541704;135;TRUE
5989;20;2626;47,385934;8,496075;207;TRUE
5992;51;2627;47,369797;8,509789;81;FALSE
5995;51;2628;47,340558;8,572484;309;FALSE
5998;10;2629;47,397539;8,509645;116;TRUE
6000;1;2630;47,390246;8,510479;302;FALSE
6004;50;2631;47,375784;8,631367;120;TRUE
6006;11;2632;47,355218;8,526903;357;FALSE
6009;1;2633;47,356912;8,514084;18;TRUE
6011;21;2634;47,423808;8,520843;86;TRUE
6013;1;2635;47,396386;8,512735;270;FALSE
6015;20;2636;47,416783;8,522754;216;FALSE
6017;10;2637;47,367242;8,564711;336;TRUE
6019;10;2638;47,35918;8,557498;29;FALSE
6023;20;2639;47,370083;8,563897;240;FALSE
6026;1;2640;47,37837;8,494084;234;FALSE
6028;1;2641;47,372949;8,547471;335;FALSE
6032;50;2642;47,314536;8,58951;151;TRUE
6034;81;2643;47,359716;8,535401;168;FALSE
6042;1;2645;47,393863;8,508392;271;FALSE
6044;10;2646;47,373629;8,513693;146;TRUE
6046;21;2647;47,406439;8,495554;;FALSE
6048;20;2648;47,409478;8,496714;216;FALSE
6049;51;2649;47,319596;8,584593;354;FALSE
6051;11;2650;47,379568;8,527877;306;FALSE
6055;1;2651;47,353376;8,558699;330;TRUE
6061;50;2654;47,389137;8,596459;179;TRUE
6063;10;2655;47,345683;8,527847;147;TRUE
6064;11;2656;47,380881;8,556059;123;TRUE
6065;1;2657;47,372425;8,534577;317;FALSE
6071;20;2658;47,326569;8,51428;110;FALSE
6073;50;2659;47,336421;8,575136;125;FALSE
6075;10;2660;47,364462;8,507908;220;TRUE
6079;10;2662;47,362177;8,505069;143;FALSE
6081;50;2663;47,31823;8,581693;77;TRUE
6085;10;2665;47,35011;8,527726;170;TRUE
6087;23;2666;47,408628;8,507973;23;TRUE
6092;20;2667;47,430024;8,540879;327;FALSE
6095;50;2669;47,342968;8,569809;146;TRUE
6097;51;2670;47,319108;8,58023;330;TRUE
6099;0;2671;47,402666;8,492101;110;TRUE
6102;20;2672;47,403553;8,530461;176;FALSE
6104;11;2673;47,388311;8,536361;11;FALSE
6107;50;2674;47,338532;8,538261;165;FALSE
6109;50;2675;47,312236;8,550787;171;TRUE
6110;51;2676;47,394145;8,61102;310;FALSE
6362;20;2677;47,362826;8,511688;249;TRUE
6363;20;2678;47,335586;8,51867;139;TRUE
6369;80;2680;47,355373;8,556809;327;FALSE
6374;50;2681;47,326659;8,656451;150;TRUE
6376;20;2682;47,422019;8,538831;189;FALSE
6380;20;2683;47,404298;8,533285;89;FALSE
6385;20;2687;47,379242;8,483242;184;TRUE
6389;0;2689;47,360429;8,55207;149;FALSE
6396;10;2693;47,392674;8,532543;317;FALSE
6398;20;2694;47,416772;8,566287;247;TRUE
6400;21;2695;47,403349;8,486205;326;TRUE
6402;50;2696;47,33757;8,56988;153;TRUE
6404;51;2698;47,383507;8,58741;72;TRUE
6406;20;2699;47,381479;8,571368;145;TRUE
6412;11;2700;47,361644;8,526505;350;TRUE
6413;0;2701;47,379185;8,559414;221;FALSE
6419;10;2702;47,407217;8,530893;147;TRUE
6425;1;2705;47,392316;8,517011;297;FALSE
6431;20;2707;47,419996;8,535065;252;FALSE
6435;20;2709;47,348652;8,57079;163;TRUE
6437;20;2710;47,399998;8,494698;115;TRUE
6439;21;2711;47,403558;8,486991;113;TRUE
6442;81;2712;47,392644;8,523323;296;FALSE
6451;1;2713;47,375702;8,487781;254;TRUE
6455;80;2714;47,353247;8,511575;58;FALSE
6465;50;2715;47,382088;8,598796;225;FALSE
6467;21;2716;47,413594;8,518475;39;TRUE
6470;20;2718;47,371942;8,487773;129;TRUE
6476;50;2720;47,30581;8,552901;180;TRUE
6478;10;2721;47,356972;8,598064;147;FALSE
6483;10;2722;47,367609;8,510937;191;TRUE
6485;50;2723;47,391578;8,614844;131;TRUE
6495;51;2729;47,405944;8,58156;249;FALSE
6499;10;2730;47,389783;8,492363;116;TRUE
6501;1;2731;47,402168;8,49641;271;FALSE
6503;50;2732;47,316771;8,585551;148;TRUE
6505;51;2733;47,31148;8,5875;82;TRUE
6506;20;2734;47,397758;8,529388;94;TRUE
6508;50;2735;47,380424;8,577994;210;TRUE
6512;50;2737;47,332172;8,542986;314;TRUE
6514;81;2738;47,371276;8,516109;146;FALSE
6522;21;2740;47,392103;8,502184;247;FALSE
6527;81;2742;47,35736;8,550351;98;FALSE
6529;20;2743;47,416625;8,535738;79;TRUE
6531;20;2744;47,425473;8,509146;208;TRUE
6533;21;2745;47,340876;8,525367;103;TRUE
6535;50;2746;47,329588;8,580216;153;TRUE
6537;50;2747;47,334894;8,577578;140;TRUE
6539;10;2748;47,383538;8,549228;302;FALSE
6541;10;2749;47,394363;8,525199;200;TRUE
6545;81;2750;47,393711;8,512098;288;FALSE
6551;13;2752;47,391321;8,535813;90;TRUE
6556;51;2754;47,313349;8,588638;332;TRUE
6557;51;2755;47,326043;8,593913;179;TRUE
6559;21;2756;47,386308;8,517975;210;TRUE
6564;50;2757;47,313555;8,585045;152;TRUE
6565;10;2758;47,388207;8,53412;172;FALSE
6567;50;2760;47,329184;8,543188;152;TRUE
6569;22;2761;47,416183;8,531992;80;TRUE
6572;51;2762;47,329201;8,547039;338;TRUE
6575;20;2763;47,414112;8,537992;185;TRUE
6577;21;2764;47,365349;8,526607;24;FALSE
6579;20;2765;47,351934;8,56628;144;TRUE
6581;1;2766;47,376932;8,554281;103;TRUE
6583;50;2767;47,38473;8,599979;181;TRUE
6585;80;2768;47,374144;8,542994;16;FALSE
6588;20;2769;47,381556;8,491922;206;TRUE
6590;83;2770;47,387045;8,489713;287;FALSE
6597;20;2771;47,350519;8,569387;143;TRUE
6599;50;2772;47,398025;8,482073;17;FALSE
6602;20;2773;47,428963;8,536986;209;FALSE
6604;1;2774;47,372229;8,542888;355;FALSE
6606;20;2775;47,379714;8,494601;131;TRUE
6609;20;2777;47,373563;8,503311;130;TRUE
6611;10;2778;47,396983;8,51435;83;TRUE
6613;1;2779;47,36644;8,557451;238;TRUE
6615;50;2780;47,326468;8,598103;143;TRUE
6617;80;2781;47,360341;8,525446;;TRUE
6622;80;2782;47,318762;8,545632;220;FALSE
6626;21;2783;47,362674;8,515472;68;TRUE
6628;21;2784;47,398991;8,513185;268;FALSE
6630;50;2785;47,314469;8,595408;114;TRUE
6632;10;2787;47,382064;8,529319;217;FALSE
6634;91;2788;47,350391;8,561284;;TRUE
6645;10;2789;47,39347;8,52966;296;FALSE
6648;50;2790;47,340774;8,576088;248;FALSE
6649;80;2791;47,378741;8,564424;102;FALSE
6653;90;2792;47,396546;8,497305;;TRUE
6659;50;2795;47,345786;8,589576;64;TRUE
6661;50;2796;47,316607;8,583933;189;TRUE
6662;51;2797;47,359411;8,653903;328;TRUE
6664;50;2798;47,352072;8,660632;156;TRUE
6666;1;2799;47,375121;8,552708;40;FALSE
6671;20;2800;47,402852;8,498318;131;TRUE
6676;20;2802;47,364438;8,502784;165;FALSE
6678;20;2803;47,379473;8,490821;320;TRUE
6679;1;2804;47,399816;8,504696;304;TRUE
6686;10;2807;47,359529;8,507386;158;FALSE
6688;21;2808;47,404249;8,496001;308;TRUE
6691;90;2809;47,35197;8,507698;;TRUE
6696;0;2810;47,374323;8,485079;200;FALSE
6701;10;2811;47,410365;8,486224;145;TRUE
6703;81;2812;47,404862;8,576449;;FALSE
6709;50;2813;47,349922;8,534234;179;TRUE
6711;50;2814;47,363083;8,535113;177;FALSE
6719;0;2815;47,403125;8,591066;138;FALSE
6723;20;2816;47,413406;8,571941;170;FALSE
6724;10;2817;47,387443;8,50033;105;FALSE
6726;90;2818;47,388878;8,48306;;TRUE
6734;10;2821;47,413701;8,477345;234;FALSE
6737;20;2823;47,408393;8,494387;164;TRUE
6739;11;2824;47,387005;8,50199;300;TRUE
6741;21;2825;47,421276;8,537583;57;TRUE
6743;10;2826;47,376065;8,510935;223;FALSE
6746;21;2828;47,328364;8,512848;358;FALSE
6748;20;2829;47,374619;8,495029;280;FALSE
6752;20;2830;47,384608;8,576958;201;FALSE
6753;10;2831;47,405366;8,492896;122;TRUE
6755;20;2832;47,348033;8,574271;156;TRUE
6756;50;2833;47,343157;8,583458;30;TRUE
6758;20;2834;47,401061;8,509106;145;TRUE
6760;51;2835;47,315845;8,597197;314;TRUE
6761;10;2836;47,356545;8,51004;154;FALSE
6763;20;2837;47,399485;8,507353;139;TRUE
6765;21;2838;47,398921;8,50901;258;TRUE
6769;10;2840;47,372639;8,494156;191;FALSE
6771;21;2841;47,401396;8,490248;303;TRUE
6774;80;2843;47,426359;8,536574;8;FALSE
6778;81;2845;47,376913;8,559949;355;TRUE
6790;50;2846;47,372619;8,63556;135;TRUE
6792;20;2847;47,419945;8,53851;185;TRUE
6794;50;2848;47,321711;8,589877;0;TRUE
6796;10;2849;47,423771;8,49664;212;FALSE
6797;50;2850;47,326949;8,544478;160;TRUE
6799;20;2851;47,369519;8,491049;125;TRUE
6805;1;2853;47,397722;8,50741;313;FALSE
6807;80;2854;47,368419;8,544292;320;TRUE
6811;51;2855;47,33042;8,654698;10;TRUE
6813;50;2856;47,313558;8,553566;204;TRUE
6816;21;2857;47,371659;8,506874;305;TRUE
6818;51;2858;47,33183;8,542039;332;TRUE
6820;50;2859;47,331722;8,614054;45;TRUE
6824;10;2861;47,388062;8,543627;309;FALSE
6826;20;2862;47,37375;8,500547;88;FALSE
6828;50;2863;47,306225;8,550992;316;TRUE
6830;50;2864;47,321455;8,586683;138;FALSE
6832;50;2865;47,323386;8,582452;173;FALSE
6836;50;2866;47,345856;8,566059;112;TRUE
6839;21;2867;47,355256;8,561466;334;TRUE
6841;11;2868;47,384963;8,508823;296;FALSE
6844;20;2869;47,347196;8,571606;346;TRUE
6845;90;2870;47,369398;8,554746;277;TRUE
6851;91;2871;47,377508;8,498834;;TRUE
6860;50;2872;47,345149;8,586677;59;TRUE
6219;41;2891;47,3626;8,518555;;TRUE
6998;10;2893;47,388125;8,519866;210;FALSE
7059;50;2895;47,371297;8,641608;120;TRUE
7097;50;2906;47,413136;8,448778;167;FALSE
8035;50;3010;47,390386;8,394001;190;FALSE
8690;50;3044;47,408471;8,406289;120;FALSE
8686;51;3049;47,358427;8,630105;358;TRUE
8677;51;3050;47,362006;8,630225;358;TRUE
8661;51;3055;47,362722;8,459632;;FALSE
8838;51;3086;47,293886;8,556235;;FALSE
9169;80;3102;47,382522;8,507238;;TRUE
9234;81;3104;47,384197;8,491312;;TRUE
9580;50;3135;47,312946;8,530049;248;TRUE
10349;21;3158;47,414699;8,51965;120;FALSE
11937;1;3176;47,399207;8,600573;21;TRUE
